Handle,Title,Body (HTML),VariantDescription,Vendor,Product Category,Type,Tags,Published,Option1 Name,Option1 Value,Option2 Name,Option2 Value,Option3 Name,Option3 Value,SKU,Variant Grams,Variant Inventory Tracker,Variant Inventory Qty,Variant Inventory Policy,Variant Fulfillment Service,Variant Price,Variant Compare At Price,Variant Requires Shipping,Variant Taxable,Variant Barcode,Image Src,Image Position,Image Alt Text,Gift Card,SEO Title,SEO Description,Google Shopping / Google Product Category,Google Shopping / Gender,Google Shopping / Age Group,Google Shopping / MPN,Google Shopping / Condition,Google Shopping / Custom Product,Variant Image,Variant Weight Unit,Variant Tax Code,Cost per item,Included / United States,Price / United States,Compare At Price / United States,Included / International,Price / International,Compare At Price / International,Status,Shop Link,Product Link,CSVEDITOR_Completeness,DUP_COUNTER,CSVEDITOR_AkeneoCode,CSVEDITOR_AssemblyRequired,CSVEDITOR_BeforeHop,CSVEDITOR_Color,CSVEDITOR_ColorTemperature,CSVEDITOR_Diameter,CSVEDITOR_Dimmable,CSVEDITOR_Height,CSVEDITOR_IPRating,CSVEDITOR_Length,CSVEDITOR_LightSource,CSVEDITOR_Material,CSVEDITOR_OriginalExcelSourceLink,CSVEDITOR_Room,CSVEDITOR_Shape,CSVEDITOR_Style,CSVEDITOR_Updated,CSVEDITOR_Voltage,CSVEDITOR_Wattage,CSVEDITOR_Weight,CSVEDITOR_Width,CSVEDITOR_skuID:,CSV_EDITOR_DEXPLAIN,CSV_Seperated,PRODINF_Applicable Space,PRODINF_Brand,PRODINF_Gross Weight,PRODINF_Material,PRODINF_Model,PRODINF_Origin,PRODINF_Size,PRODINF_Style,Is Side Image Invalid,AI Verdict,AI Match Score,AI Reason
Andora | Chandelier,Andora | Chandelier,"<div id='main_desc'>Transform your space into a sanctuary of sophistication by installing this dazzling chandelier crafted from premium K9 crystal. Its radiant glow creates an instant focal point that elevates your interior design with undeniable luxury and charm. Welcome guests into a stunning environment where every evening feels like a special occasion filled with warmth and brilliance.<br/><br/></div><strong>Specifications</strong><ul data-mce-fragment='1'>
<li data-mce-fragment='1'>Length: 100cm</li>
<li data-mce-fragment='1'>Width: 40cm</li>
<li data-mce-fragment='1'>Height: 28cm</li>
<li data-mce-fragment='1'>Shape: Rectangular</li>
<li data-mce-fragment='1'>Material: Metal, Crystal</li>
</ul><br/>","• Measurement
   - Dimension: 100x40x28cm

• Material & design
   - Material: Hardware + K9 Crystal
   - Shape: Single

• Product info
   - Model: DD249863-1000
   - Applicable space: Living Room
   - Style: Modern Light Luxury

• Light source
   - Bulb type: E14*12
   - Bulb quantity: 12

VariantSKUID: 5782401839261",Huanglilai Flagship Store,Furniture,Chandelier,"CU0267-B1, Scrape",,Single,,,,,,CU0267-95-SEP-1791298340-0,,,,,,,,,,,https://img.alicdn.com/bao/uploaded/i1/1732754654/O1CN017nbDae1kFaHuzm3vf_!!1732754654.jpg,1,,,,,,,,,,,https://img.alicdn.com/bao/uploaded/i1/1732754654/O1CN017nbDae1kFaHuzm3vf_!!1732754654.jpg,,,CNY 7063.50,,,,,,,draft,https:shop105418115.taobao.com/,https://detail.tmall.com/item.htm?id=842206029005,50.0,,"lighting_fixtures, chandeliers",0,,,,,0,28 Centimeter,,100 Centimeter,,"Metal, Crystal",https://detail.tmall.com/item.htm?id=842206029005,Living Room,Rectangular,Modern,,,,,40 Centimeter,5782401839261,,,Living Room,Huang Lila,,,HL6042-8 8×MAX10W,,,Modern Light Luxury,NO,valid,100.0%,Same image as hero; duplicate excluded from AI matching.
Andora | Chandelier,,,,,,,,,,,,,,,,,,,,,,,,,,https://img.alicdn.com/bao/uploaded/i1/1732754654/O1CN017nbDae1kFaHuzm3vf_!!1732754654.jpg,3,,,,,,,,,,,,,,,,,,,,,,,,,,,,,,,,,,,,,,,,,,,,,,,,,,,,,,,,,,NO,valid,100.0%,Same image as hero; duplicate excluded from AI matching.
Andora | Chandelier,,,,,,,,,,,,,,,,,,,,,,,,,,https://img.alicdn.com/bao/uploaded/i2/1732754654/O1CN01P1tuiw416rF1WPjS_!!4611686018427387102-0-item_pic.jpg,5,,,,,,,,,,,,,,,,,,,,,,,,,,,,,,,,,,,,,,,,,,,,,,,,,,,,,,,,,,YES,invalid,95.0%,"Image 1 is an elongated oval fixture suspended by two cords, while Image 2 is a circular fixture suspended by a single cord."
Andora | Chandelier,,,,,,,,,,,,,,,,,,,,,,,,,,https://img.alicdn.com/bao/uploaded/i4/1732754654/O1CN01eYrxbR1kFaHwSZ1ct_!!1732754654.jpg,6,,,,,,,,,,,,,,,,,,,,,,,,,,,,,,,,,,,,,,,,,,,,,,,,,,,,,,,,,,YES,invalid,95.0%,"The reference product has an elongated oval shape with two suspension cords and two gold canopy mounts, while the candidate product has a circular shape with a single central suspension cord and one canopy mount."
Andora | Chandelier,,,,,,,,,,,,,,,,,,,,,,,,,,https://img.alicdn.com/bao/uploaded/i4/1732754654/O1CN01dMxcrW1kFaHtKlY7F_!!1732754654.jpg,,,,,,,,,,,,,,,,,,,,,,,,,,,,,,,,,,,,,,,,,,,,,,,,,,,,,,,,,,,NO,valid,95.0%,"Both images show an identical oval-shaped crystal pendant fixture with a single tier of pointed crystals, gold metal arms, two canopy mounts, and twisted ribbon suspension cords. The proportions and design details match perfectly between the reference diagram and the room scene."
Andora | Chandelier,,,,,,,,,,,,,,,,,,,,,,,,,,https://img.alicdn.com/imgextra/i2/1732754654/O1CN016g3v421kFaJZVW00V_!!1732754654.jpg,,,,,,,,,,,,,,,,,,,,,,,,,,,,,,,,,,,,,,,,,,,,,,,,,,,,,,,,,,,REVIEW,review,95.0%,"Image 2 is an extreme close-up showing only crystal texture, lacking the overall silhouette, mounting hardware, and proportions needed to verify the product design."
Aramiko | Chandelier,Aramiko | Chandelier,"<div id='main_desc'>Elevate your daily routines by casting a radiant glow that turns any room into a stage for cherished memories and celebration. This exquisite design brings a sense of grandeur and comfort that instantly transforms how you experience your sanctuary. Claim this statement piece today to unlock a level of beauty and inspiration that lasts forever.<br/><br/></div><strong>Specifications</strong><ul data-mce-fragment='1'>
<li data-mce-fragment='1'>Length: 45cm</li>
<li data-mce-fragment='1'>Height: 1.8m</li>
<li data-mce-fragment='1'>Diameter: 1.2m</li>
<li data-mce-fragment='1'>Shape: Drum</li>
<li data-mce-fragment='1'>Material: Glass, Crystal, Metal, Fabric</li>
<li data-mce-fragment='1'>Color: Gold</li>
</ul><br/>","• Measurement
   - Diameter: 1.2m
   - Height: 1.8m

• Material & design
   - Type: Chandelier
   - Design detail: Openwork Large Lamp
   - Color/material: Textured clear glass panels with gold rectangular accents, Hanging crystal teardrop pendants, Gold-tone metal frame and ceiling mount, Grey fabric-wrapped cord

• Product info
   - Model: 599
   - Style: Light Luxury
   - Applicable space: Living Room

VariantSKUID: 6139773174392",Luxury Crystal Lighting Direct from Factory,Furniture,Chandelier,"CU0267-B1, Scrape",,Single,,,,,,CU0267-127-SEP-1791298465-2,,,,,,,,,,,https://img.alicdn.com/bao/uploaded/i4/169533211/O1CN0158CUTZ1ZagsAaxmZV_!!169533211.jpg,1,,,,,,,,,,,https://img.alicdn.com/bao/uploaded/i4/169533211/O1CN0158CUTZ1ZagsAaxmZV_!!169533211.jpg,,,CNY 129600.00,,,,,,,draft,https:shop37029764.taobao.com/,https://detail.tmall.com/item.htm?id=996367508569,56.3,,"lighting_fixtures, chandeliers",0,,Gold,,1.2 Meter,0,1.8 Meter,,45 Centimeter,,"Glass, Crystal, Metal, Fabric",https://detail.tmall.com/item.htm?id=779221724682,Living Room,Drum,Glamm,,,,,,6139773174392,,,Living Room,Other Homes,,,599,Asia Pacific,45 cm,Light Luxury,,,,
Aramiko | Chandelier,,,,,,,,,,,,,,,,,,,,,,,,,,https://img.alicdn.com/bao/uploaded/i4/169533211/O1CN0158CUTZ1ZagsAaxmZV_!!169533211.jpg,2,,,,,,,,,,,,,,,,,,,,,,,,,,,,,,,,,,,,,,,,,,,,,,,,,,,,,,,,,,,,,
Aramiko | Chandelier,,,,,,,,,,,,,,,,,,,,,,,,,,https://img.alicdn.com/bao/uploaded/i4/169533211/O1CN0158CUTZ1ZagsAaxmZV_!!169533211.jpg,2,,,,,,,,,,,,,,,,,,,,,,,,,,,,,,,,,,,,,,,,,,,,,,,,,,,,,,,,,,,,,
Aramiko | Chandelier,,,,,,,,,,,,,,,,,,,,,,,,,,https://img.alicdn.com/bao/uploaded/i3/169533211/O1CN01XsPeIm1ZagsBS4xUN_!!169533211.jpg,3,,,,,,,,,,,,,,,,,,,,,,,,,,,,,,,,,,,,,,,,,,,,,,,,,,,,,,,,,,,,,
Aramiko | Chandelier,,,,,,,,,,,,,,,,,,,,,,,,,,https://img.alicdn.com/bao/uploaded/i4/169533211/O1CN01BYzUUV1ZagsBSBKqK_!!169533211.jpg,7,,,,,,,,,,,,,,,,,,,,,,,,,,,,,,,,,,,,,,,,,,,,,,,,,,,,,,,,,,,,,
Aramiko | Chandelier,,,,,,,,,,,,,,,,,,,,,,,,,,https://img.alicdn.com/bao/uploaded/i1/169533211/O1CN013smLhi1ZagsB1qTpU_!!169533211.jpg,8,,,,,,,,,,,,,,,,,,,,,,,,,,,,,,,,,,,,,,,,,,,,,,,,,,,,,,,,,,,,,
Aramiko | Chandelier,,,,,,,,,,,,,,,,,,,,,,,,,,https://img.alicdn.com/imgextra/i4/169533211/O1CN019Zghtt1ZagsAfuznR_!!169533211.jpg,9,,,,,,,,,,,,,,,,,,,,,,,,,,,,,,,,,,,,,,,,,,,,,,,,,,,,,,,,,,,,,
Aramiko | Chandelier,,,,,,,,,,,,,,,,,,,,,,,,,,https://img.alicdn.com/imgextra/i3/169533211/O1CN01f80G5C1ZagsAQWnwb_!!169533211.jpg,10,,,,,,,,,,,,,,,,,,,,,,,,,,,,,,,,,,,,,,,,,,,,,,,,,,,,,,,,,,,,,
Aramiko | Chandelier,,,,,,,,,,,,,,,,,,,,,,,,,,https://img.alicdn.com/imgextra/i2/169533211/O1CN01MWSgFQ1ZagsAgNKvJ_!!169533211.jpg,11,,,,,,,,,,,,,,,,,,,,,,,,,,,,,,,,,,,,,,,,,,,,,,,,,,,,,,,,,,,,,
Aramiko | Chandelier,,,,,,,,,,,,,,,,,,,,,,,,,,https://img.alicdn.com/imgextra/i1/169533211/O1CN01sJXS8e1ZagsAawAkE_!!169533211.jpg,12,,,,,,,,,,,,,,,,,,,,,,,,,,,,,,,,,,,,,,,,,,,,,,,,,,,,,,,,,,,,,
Aramiko | Chandelier,,,,,,,,,,,,,,,,,,,,,,,,,,https://img.alicdn.com/imgextra/i2/169533211/O1CN01BAR4bu1ZagsAwkcLP_!!169533211.jpg,13,,,,,,,,,,,,,,,,,,,,,,,,,,,,,,,,,,,,,,,,,,,,,,,,,,,,,,,,,,,,,
Aramiko | Chandelier,,,,,,,,,,,,,,,,,,,,,,,,,,https://img.alicdn.com/imgextra/i2/169533211/O1CN01CSHEh81Zags9x7gde_!!169533211.jpg,16,,,,,,,,,,,,,,,,,,,,,,,,,,,,,,,,,,,,,,,,,,,,,,,,,,,,,,,,,,,,,
Aramiko | Chandelier,,,,,,,,,,,,,,,,,,,,,,,,,,https://img.alicdn.com/imgextra/i4/169533211/O1CN01Hbiz2I1ZagsBbqvv7_!!169533211.jpg,17,,,,,,,,,,,,,,,,,,,,,,,,,,,,,,,,,,,,,,,,,,,,,,,,,,,,,,,,,,,,,
Aramiko | Chandelier,,,,,,,,,,,,,,,,,,,,,,,,,,https://img.alicdn.com/imgextra/i4/169533211/O1CN01737Ei21ZagsAftJsS_!!169533211.jpg,18,,,,,,,,,,,,,,,,,,,,,,,,,,,,,,,,,,,,,,,,,,,,,,,,,,,,,,,,,,,,,
Aramiko | Chandelier,,,,,,,,,,,,,,,,,,,,,,,,,,https://img.alicdn.com/imgextra/i3/169533211/O1CN01VJhPC51ZagsAftaUt_!!169533211.jpg,19,,,,,,,,,,,,,,,,,,,,,,,,,,,,,,,,,,,,,,,,,,,,,,,,,,,,,,,,,,,,,
Aramiko | Chandelier,,,,,,,,,,,,,,,,,,,,,,,,,,https://img.alicdn.com/imgextra/i3/169533211/O1CN01UG9wwZ1ZagsAftWKv_!!169533211.jpg,20,,,,,,,,,,,,,,,,,,,,,,,,,,,,,,,,,,,,,,,,,,,,,,,,,,,,,,,,,,,,,
Aramiko | Chandelier,,,,,,,,,,,,,,,,,,,,,,,,,,https://img.alicdn.com/imgextra/i3/169533211/O1CN01yl1aFh1ZagsAQYwyy_!!169533211.jpg,21,,,,,,,,,,,,,,,,,,,,,,,,,,,,,,,,,,,,,,,,,,,,,,,,,,,,,,,,,,,,,
Aramiko | Chandelier,,,,,,,,,,,,,,,,,,,,,,,,,,https://img.alicdn.com/imgextra/i3/169533211/O1CN01TCYIOz1ZagsB3o7co_!!169533211.jpg,22,,,,,,,,,,,,,,,,,,,,,,,,,,,,,,,,,,,,,,,,,,,,,,,,,,,,,,,,,,,,,
Aramiko | Chandelier,,,,,,,,,,,,,,,,,,,,,,,,,,https://img.alicdn.com/imgextra/i2/169533211/O1CN01xsTKjF1ZagsAfv87e_!!169533211.jpg,23,,,,,,,,,,,,,,,,,,,,,,,,,,,,,,,,,,,,,,,,,,,,,,,,,,,,,,,,,,,,,
Aramiko | Chandelier,,,,,,,,,,,,,,,,,,,,,,,,,,https://img.alicdn.com/imgextra/i1/169533211/O1CN01CY6CMU1ZagsBS5d5I_!!169533211.jpg,24,,,,,,,,,,,,,,,,,,,,,,,,,,,,,,,,,,,,,,,,,,,,,,,,,,,,,,,,,,,,,
Aramiko | Chandelier,,,,,,,,,,,,,,,,,,,,,,,,,,https://img.alicdn.com/imgextra/i4/169533211/O1CN01DUESmQ1Zags9aZ8eQ_!!169533211.jpg,25,,,,,,,,,,,,,,,,,,,,,,,,,,,,,,,,,,,,,,,,,,,,,,,,,,,,,,,,,,,,,
Aramiko | Chandelier,,,,,,,,,,,,,,,,,,,,,,,,,,https://img.alicdn.com/imgextra/i2/169533211/O1CN01Iit17p1ZagsAgNP5p_!!169533211.jpg,26,,,,,,,,,,,,,,,,,,,,,,,,,,,,,,,,,,,,,,,,,,,,,,,,,,,,,,,,,,,,,
Aramiko | Chandelier,,,,,,,,,,,,,,,,,,,,,,,,,,https://img.alicdn.com/imgextra/i2/169533211/O1CN01fdVd8d1ZagsAQVnZf_!!169533211.jpg,28,,,,,,,,,,,,,,,,,,,,,,,,,,,,,,,,,,,,,,,,,,,,,,,,,,,,,,,,,,,,,
Aramiko | Chandelier,,,,,,,,,,,,,,,,,,,,,,,,,,https://img.alicdn.com/imgextra/i3/169533211/O1CN01XsPeIm1ZagsBS4xUN_!!169533211.jpg,30,,,,,,,,,,,,,,,,,,,,,,,,,,,,,,,,,,,,,,,,,,,,,,,,,,,,,,,,,,,,,
Aramiko | Chandelier,,,,,,,,,,,,,,,,,,,,,,,,,,https://img.alicdn.com/imgextra/i3/169533211/O1CN01P217qw1ZagsB3rg0I_!!169533211.jpg,32,,,,,,,,,,,,,,,,,,,,,,,,,,,,,,,,,,,,,,,,,,,,,,,,,,,,,,,,,,,,,
Aramiko | Chandelier,,,,,,,,,,,,,,,,,,,,,,,,,,https://img.alicdn.com/imgextra/i4/169533211/O1CN01Y9nwUd1ZagsAwjwlO_!!169533211.jpg,33,,,,,,,,,,,,,,,,,,,,,,,,,,,,,,,,,,,,,,,,,,,,,,,,,,,,,,,,,,,,,
Aramiko | Chandelier,,,,,,,,,,,,,,,,,,,,,,,,,,https://img.alicdn.com/imgextra/i4/169533211/O1CN0158CUTZ1ZagsAaxmZV_!!169533211.jpg,36,,,,,,,,,,,,,,,,,,,,,,,,,,,,,,,,,,,,,,,,,,,,,,,,,,,,,,,,,,,,,
Aramiko | Chandelier,,,,,,,,,,,,,,,,,,,,,,,,,,https://img.alicdn.com/imgextra/i2/169533211/O1CN01laNp791Zags9vWKiJ_!!169533211.jpg,,,,,,,,,,,,,,,,,,,,,,,,,,,,,,,,,,,,,,,,,,,,,,,,,,,,,,,,,,,,,,
Beraldo | Chandelier,Beraldo | Chandelier,"<div id='main_desc'>Capture the eyes of every guest with this breathtakingly elegant Chandelier that instantly transforms a plain room into a luxurious retreat. Crafted with shimmering crystals and sophisticated detailing, it delivers a warm, radiant glow that enhances your home's ambiance while establishing a focal point of undeniable style. Make your space unforgettable by infusing it with a level of glamour that feels both timeless and uniquely yours.<br/><br/></div><strong>Specifications</strong><ul data-mce-fragment='1'>
<li data-mce-fragment='1'>Length: 100cm</li>
<li data-mce-fragment='1'>Width: 40cm</li>
<li data-mce-fragment='1'>Height: 37cm</li>
<li data-mce-fragment='1'>Shape: Linear</li>
<li data-mce-fragment='1'>Material: Metal, Crystal</li>
<li data-mce-fragment='1'>Light Source: E14</li>
<li data-mce-fragment='1'>Wattage: 17</li>
</ul><br/>","• Material & design
   - Material: Hardware + K9 crystal
   - Style: Single

• Measurement
   - Dimension: 100x40x37cm

• Product info
   - Model: DD249960-1000

• Light source
   - Bulb type: E14*17

VariantSKUID: 5592890572889",Huanglilai Flagship Store,Furniture,Chandelier,"CU0267-B1, Scrape",,Single,,,,,,CU0267-180,,,,,,,,,,,https://img.alicdn.com/bao/uploaded/i2/1732754654/O1CN01bTbK811kFaHWaeBef_!!1732754654.jpg,1,,,,,,,,,,,https://img.alicdn.com/bao/uploaded/i2/1732754654/O1CN01bTbK811kFaHWaeBef_!!1732754654.jpg,,,CNY 6885.00,,,,,,,draft,https:shop105418115.taobao.com/,https://detail.tmall.com/item.htm?id=836247707279,62.5,,"lighting_fixtures, chandeliers",1,,,,,1,37 Centimeter,,100 Centimeter,E14,"Metal, Crystal",https://detail.tmall.com/item.htm?id=836247707279,Foyer,Linear,Glamm,,,17,,40 Centimeter,5592890572889,,,,Huang Lila,,,HL6376-10 10×MAX10W,,,European Style,,,,
Beraldo | Chandelier,,,,,,,,,,,,,,,,,,,,,,,,,,https://img.alicdn.com/bao/uploaded/i2/1732754654/O1CN01bTbK811kFaHWaeBef_!!1732754654.jpg,3,,,,,,,,,,,,,,,,,,,,,,,,,,,,,,,,,,,,,,,,,,,,,,,,,,,,,,,,,,,,,
Beraldo | Chandelier,,,,,,,,,,,,,,,,,,,,,,,,,,https://img.alicdn.com/bao/uploaded/i1/1732754654/O1CN011AQUdi1kFaHacCghr_!!0-item_pic.jpg,5,,,,,,,,,,,,,,,,,,,,,,,,,,,,,,,,,,,,,,,,,,,,,,,,,,,,,,,,,,,,,
Beraldo | Chandelier,,,,,,,,,,,,,,,,,,,,,,,,,,https://img.alicdn.com/bao/uploaded/i2/1732754654/O1CN011ksqdT1kFaHY5jPSM_!!1732754654.jpg,6,,,,,,,,,,,,,,,,,,,,,,,,,,,,,,,,,,,,,,,,,,,,,,,,,,,,,,,,,,,,,
Beraldo | Chandelier,,,,,,,,,,,,,,,,,,,,,,,,,,https://img.alicdn.com/bao/uploaded/i3/1732754654/O1CN01DPziLf1kFaHYhYDqO_!!1732754654.jpg,7,,,,,,,,,,,,,,,,,,,,,,,,,,,,,,,,,,,,,,,,,,,,,,,,,,,,,,,,,,,,,
Beraldo | Chandelier,,,,,,,,,,,,,,,,,,,,,,,,,,https://img.alicdn.com/bao/uploaded/i4/1732754654/O1CN01zh0M0M1kFaHZrFwQS_!!1732754654.jpg,,,,,,,,,,,,,,,,,,,,,,,,,,,,,,,,,,,,,,,,,,,,,,,,,,,,,,,,,,,,,,
Bjarke | Chandelier,Bjarke | Chandelier,"<div id='main_desc'>Transform your living space into a sanctuary of refined elegance by combining dazzling crystal aesthetics with gentle, eye-friendly illumination. Premium materials and advanced lighting technology cast a warm, natural glow that highlights your decor while soothing your eyes, infusing your home with undeniable luxury.<br/><br/></div><strong>Specifications</strong><ul data-mce-fragment='1'>
<li data-mce-fragment='1'>Width: 100cm</li>
<li data-mce-fragment='1'>Height: 32cm</li>
<li data-mce-fragment='1'>Shape: Clustered</li>
<li data-mce-fragment='1'>Material: Crystal, Metal</li>
</ul><br/>","• Measurement
   - Dimension: L100cm x H32cm

• Material & design
   - Material: Imported A-grade crystal
   - Finish: Nano vacuum electroplating
   - Additional info: Height: Adjustable

• Light source
   - Type: LED
   - Wattage: 100W
   - Features: CRI ≥98RA, CQS ≥99, Blue Light Hazard Rating RG0, Control Method: 3-Color Dimming

• Product info
   - Model: F6474
   - Style: Modern Light Luxury
   - Applicable space: Living Room

VariantSKUID: 5916178769242",St. Peter's Lamp Fortress Flagship Store,Furniture,Chandelier,"CU0267-B1, Scrape",,Single,,,,,,CU0267-137,,,,,,,,,,,https://img.alicdn.com/bao/uploaded/i2/2207370175309/O1CN01KDPzTo1p5Zjfw3b6G_!!2207370175309.jpg,1,,,,,,,,,,,https://img.alicdn.com/bao/uploaded/i2/2207370175309/O1CN01KDPzTo1p5Zjfw3b6G_!!2207370175309.jpg,,,CNY 5623.50,,,,,,,draft,https:shop271961178.taobao.com/,https://detail.tmall.com/item.htm?id=866522034011,43.8,,"lighting_fixtures, chandeliers",0,,,,,0,32 Centimeter,,,,"Crystal, Metal",https://detail.tmall.com/item.htm?id=834645963036,Living Room,Clustered,Glamm,,,,,100 Centimeter,5916178769242,,,Living Room Dining Room Bedroom,St. Peter's Light Castle,,,F6474,,,Modern Light Luxury,,,,
Bjarke | Chandelier,,,,,,,,,,,,,,,,,,,,,,,,,,https://img.alicdn.com/bao/uploaded/i2/2207370175309/O1CN01KDPzTo1p5Zjfw3b6G_!!2207370175309.jpg,4,,,,,,,,,,,,,,,,,,,,,,,,,,,,,,,,,,,,,,,,,,,,,,,,,,,,,,,,,,,,,
Bjarke | Chandelier,,,,,,,,,,,,,,,,,,,,,,,,,,https://img.alicdn.com/bao/uploaded/i4/2207370175309/O1CN013cL9xd1p5ZjgtpQaE_!!2207370175309.jpg,,,,,,,,,,,,,,,,,,,,,,,,,,,,,,,,,,,,,,,,,,,,,,,,,,,,,,,,,,,,,,
Elys | Pendant Light,Elys | Pendant Light,"<div id='main_desc'>Instantly elevate any room into a dazzling sanctuary of sophistication with this breathtaking crystal chandelier. The cascading rays of light create an atmosphere of pure glamour that commands attention and inspires confidence. Transform your everyday routine into a scene of luxury where every corner shines with refined elegance.<br/><br/></div><strong>Specifications</strong><ul data-mce-fragment='1'>
<li data-mce-fragment='1'>Length: 100cm</li>
<li data-mce-fragment='1'>Width: 35cm</li>
<li data-mce-fragment='1'>Height: 40cm</li>
<li data-mce-fragment='1'>Shape: Rectangular</li>
<li data-mce-fragment='1'>Material: Metal, Crystal</li>
<li data-mce-fragment='1'>Light Source: E14</li>
<li data-mce-fragment='1'>IPRating: IP20</li>
</ul><br/>","• Measurement
   - Dimension: 100x35x40cm

• Material & design
   - Material: Hardware + K9 Crystal
   - Shape: Chandelier

• Product info
   - Model: DD249921-1000
   - Applicable space: 10-15m²
   - Style: European Style

• Light source
   - Bulb type: E14*20

VariantSKUID: 5775209867605",Huanglilai Flagship Store,Furniture,Pendant Light,"CU0267-B1, Scrape",,Single,,,,,,CU0267-171,,,,,,,,,,,https://img.alicdn.com/bao/uploaded/i3/1732754654/O1CN01WTd54R1kFaHl1oF3e_!!1732754654.jpg,1,,,,,,,,,,,https://img.alicdn.com/bao/uploaded/i3/1732754654/O1CN01WTd54R1kFaHl1oF3e_!!1732754654.jpg,,,CNY 5890.50,,,,,,,draft,https:shop105418115.taobao.com/,https://detail.tmall.com/item.htm?id=840623520584,62.5,,"lighting_fixtures, pendant_lights",0,,,,,0,40 Centimeter,IP20,100 Centimeter,E14,"Metal, Crystal",https://detail.tmall.com/item.htm?id=840623520584,Living Room,Rectangular,Glamm,,,,,35 Centimeter,5775209867605,,,,Huang Lila,,,6098,,,European Style,,,,
Elys | Pendant Light,,,,,,,,,,,,,,,,,,,,,,,,,,https://img.alicdn.com/bao/uploaded/i3/1732754654/O1CN01WTd54R1kFaHl1oF3e_!!1732754654.jpg,6,,,,,,,,,,,,,,,,,,,,,,,,,,,,,,,,,,,,,,,,,,,,,,,,,,,,,,,,,,,,,
Elys | Pendant Light,,,,,,,,,,,,,,,,,,,,,,,,,,https://img.alicdn.com/bao/uploaded/i2/1732754654/O1CN01BpQHPO1kFaHmEDONb_!!1732754654.jpg,,,,,,,,,,,,,,,,,,,,,,,,,,,,,,,,,,,,,,,,,,,,,,,,,,,,,,,,,,,,,,
Fava | Chandelier,Fava | Chandelier,"<div id='main_desc'>Transform your everyday environment into a masterpiece of elegance with a lighting solution that effortlessly blends artistic charm with practical brilliance. This stunning centerpiece bathes your space in high quality illumination that highlights textures and colors beautifully while setting a welcoming tone for relaxation and entertainment. Welcome true luxury into your home today and enjoy a radiant atmosphere that inspires confidence and comfort in every corner.<br/><br/></div><strong>Specifications</strong><ul data-mce-fragment='1'>
<li data-mce-fragment='1'>Length: 120cm</li>
<li data-mce-fragment='1'>Width: 35cm</li>
<li data-mce-fragment='1'>Height: 24cm</li>
<li data-mce-fragment='1'>Shape: Linear</li>
<li data-mce-fragment='1'>Material: Steel, Glass, Crystal</li>
<li data-mce-fragment='1'>Color: Gold</li>
<li data-mce-fragment='1'>Light Source: E14</li>
<li data-mce-fragment='1'>Wattage: 12W</li>
<li data-mce-fragment='1'>Color Temperature: 3000-6000K</li>
</ul><br/>","• Measurement
   - Dimension: 120x35x24cm

• Material & design
   - Material: Carbon steel + Hand-crafted Art Glass + K9 Crystal
   - Color: Champagne Gold
   - Style: Polishing, Electroplating

• Light source
   - Bulb base: E14
   - Bulb quantity: 12
   - Wattage: 12W
   - Color temperature: 3000K to 6000K
   - Cri (ra): ≥95

• Product info
   - Model: 9524
   - Applicable space: Living Room Dining Room Bedroom

VariantSKUID: 5795283433751",Mumingju Light Luxury Lighting,Furniture,Chandelier,"CU0267-B1, Scrape",,Single,,,,,,CU0267-155,,,,,,,,,,,https://img.alicdn.com/bao/uploaded/i4/2206382573152/O1CN01OWPKat1Z9fS9MSM51_!!2206382573152.jpg,1,,,,,,,,,,,https://img.alicdn.com/bao/uploaded/i4/2206382573152/O1CN01OWPKat1Z9fS9MSM51_!!2206382573152.jpg,,,CNY 5340.00,,,,,,,draft,https:shop424765763.taobao.com/,https://detail.tmall.com/item.htm?id=920814933494,75.0,,"lighting_fixtures, chandeliers",0,,Gold,3000-6000K,,0,24 Centimeter,,120 Centimeter,E14,"Steel, Glass, Crystal",https://detail.tmall.com/item.htm?id=896547107881,Dining Room,Linear,Contemporary,,,12W,,35 Centimeter,5795283433751,,,Living Room Dining Room Bedroom,Other Stores,,,9524,Mainland China,,French Light Luxury,,,,
Fava | Chandelier,,,,,,,,,,,,,,,,,,,,,,,,,,https://img.alicdn.com/bao/uploaded/i4/2206382573152/O1CN01OWPKat1Z9fS9MSM51_!!2206382573152.jpg,,,,,,,,,,,,,,,,,,,,,,,,,,,,,,,,,,,,,,,,,,,,,,,,,,,,,,,,,,,,,,
Iverne | Chandelier,Iverne | Chandelier,"<div id='main_desc'>Elevate your personal sanctuary with this dazzling crystal fixture that bathes your room in captivating warmth and effortless elegance. Hand-polished details and premium construction create a focal point that exudes sophistication while transforming your nightly routine into a luxurious experience. Embrace the glow of refined style that makes your bedroom feel like a five-star escape every single evening.<br/><br/></div><strong>Specifications</strong><ul data-mce-fragment='1'>
<li data-mce-fragment='1'>Length: 100cm</li>
<li data-mce-fragment='1'>Width: 40cm</li>
<li data-mce-fragment='1'>Height: 35cm</li>
<li data-mce-fragment='1'>Shape: Rectangular</li>
<li data-mce-fragment='1'>Material: Crystal, Metal</li>
<li data-mce-fragment='1'>Light Source: E14</li>
</ul><br/>","• Material & design
   - Material: K9 Crystal
   - Color / finish: Chrome metal hardware, Hand polishing, Electroplating

• Light source

• Product info
   - Applicable space: Bedroom
   - Model: 6234
   - Style: French Light Luxury

VariantSKUID: 5689403841652",Huanglilai Flagship Store,Furniture,Chandelier,"CU0267-B1, Scrape",,Single,,,,,,CU0267-149,,,,,,,,,,,https://img.alicdn.com/bao/uploaded/i1/1732754654/O1CN01csi02S1kFaQE5xCV3_!!1732754654.jpg,1,,,,,,,,,,,https://img.alicdn.com/bao/uploaded/i1/1732754654/O1CN01csi02S1kFaQE5xCV3_!!1732754654.jpg,,,CNY 6885.00,,,,,,,draft,https:shop105418115.taobao.com/,https://detail.tmall.com/item.htm?id=864515365790,56.3,,"lighting_fixtures, chandeliers",0,,,,,0,35 Centimeter,,100 Centimeter,E14,"Crystal, Metal",https://detail.tmall.com/item.htm?id=864515365790,Bedroom,Rectangular,Glamm,,,,,40 Centimeter,5689403841652,,,Bedroom,Huang Lila,,,6234,,,French Light Luxury,,,,
Iverne | Chandelier,,,,,,,,,,,,,,,,,,,,,,,,,,https://img.alicdn.com/bao/uploaded/i1/1732754654/O1CN01csi02S1kFaQE5xCV3_!!1732754654.jpg,3,,,,,,,,,,,,,,,,,,,,,,,,,,,,,,,,,,,,,,,,,,,,,,,,,,,,,,,,,,,,,
Iverne | Chandelier,,,,,,,,,,,,,,,,,,,,,,,,,,https://img.alicdn.com/bao/uploaded/i1/1732754654/O1CN01DHwwqhOvyvG1WPjS_!!4611686018427387102-0-item_pic.jpg,6,,,,,,,,,,,,,,,,,,,,,,,,,,,,,,,,,,,,,,,,,,,,,,,,,,,,,,,,,,,,,
Iverne | Chandelier,,,,,,,,,,,,,,,,,,,,,,,,,,https://img.alicdn.com/bao/uploaded/i2/1732754654/O1CN01gUlIQ01kFaPnUIaRK_!!1732754654.jpg,7,,,,,,,,,,,,,,,,,,,,,,,,,,,,,,,,,,,,,,,,,,,,,,,,,,,,,,,,,,,,,
Iverne | Chandelier,,,,,,,,,,,,,,,,,,,,,,,,,,https://img.alicdn.com/bao/uploaded/i4/1732754654/O1CN01FvPC8d1kFaPnzWmhQ_!!1732754654.jpg,,,,,,,,,,,,,,,,,,,,,,,,,,,,,,,,,,,,,,,,,,,,,,,,,,,,,,,,,,,,,,
Kimura | Chandelier,Kimura | Chandelier,"<div id='main_desc'>Stop settling for plain lighting and transform your space into a radiant sanctuary of pure sophistication with this designer crystal fixture. Its adjustable structure ensures a custom fit while premium crystals cast a magical glow that makes every gathering feel special. Bring unmatched glamour into your own retreat today and watch your interior shine with effortless confidence.<br/><br/></div><strong>Specifications</strong><ul data-mce-fragment='1'>
<li data-mce-fragment='1'>Length: 100cm</li>
<li data-mce-fragment='1'>Width: 40cm</li>
<li data-mce-fragment='1'>Height: 32cm</li>
<li data-mce-fragment='1'>Weight: 20kg</li>
<li data-mce-fragment='1'>Shape: Rectangular</li>
<li data-mce-fragment='1'>Material: Metal, Crystal</li>
<li data-mce-fragment='1'>Light Source: E14</li>
</ul><br/>","• Material & design
   - Material: Hardware + K9 Crystal
   - Shape: Adjustable
   - Light source type: E14*20

• Product info
   - Model: DD249953-1000长
   - Applicable area: 10-15m²
   - Style: European Style
   - Applicable space: Living Room Dining Room Bedroom

VariantSKUID: 5764256855727",Huanglilai,Furniture,Chandelier,"CU0267-B1, Scrape",,Single,,,,,,CU0267-140-SEP-1791298471-0,,,,,,,,,,,https://img.alicdn.com/bao/uploaded/i4/1732754654/O1CN019clprc1kFaO0tddFO_!!1732754654.jpg,1,,,,,,,,,,,https://img.alicdn.com/bao/uploaded/i4/1732754654/O1CN019clprc1kFaO0tddFO_!!1732754654.jpg,,,CNY 7573.50,,,,,,,draft,https:shop105418115.taobao.com/,https://detail.tmall.com/item.htm?id=837103297690,62.5,,"lighting_fixtures, chandeliers",0,,,,,0,32 Centimeter,,100 Centimeter,E14,"Metal, Crystal",https://detail.tmall.com/item.htm?id=837103297690,Living Room,Rectangular,Glamm,,,,20 Kilogram,40 Centimeter,5764256855727,,,Living Room Dining Room Bedroom,Huang Lila,20kg,,HL-GB-D026-1572-8 6×MAX10W,,,European Style,,,,
Kimura | Chandelier,,,,,,,,,,,,,,,,,,,,,,,,,,https://img.alicdn.com/bao/uploaded/i4/1732754654/O1CN019clprc1kFaO0tddFO_!!1732754654.jpg,5,,,,,,,,,,,,,,,,,,,,,,,,,,,,,,,,,,,,,,,,,,,,,,,,,,,,,,,,,,,,,
Kimura | Chandelier,,,,,,,,,,,,,,,,,,,,,,,,,,https://img.alicdn.com/bao/uploaded/i1/1732754654/O1CN01SaTMLs1kFaO2gbLbh_!!1732754654.jpg,6,,,,,,,,,,,,,,,,,,,,,,,,,,,,,,,,,,,,,,,,,,,,,,,,,,,,,,,,,,,,,
Kimura | Chandelier,,,,,,,,,,,,,,,,,,,,,,,,,,https://img.alicdn.com/bao/uploaded/i3/1732754654/O1CN01Q2Vzkc1kFaO1TFQiB_!!1732754654.jpg,7,,,,,,,,,,,,,,,,,,,,,,,,,,,,,,,,,,,,,,,,,,,,,,,,,,,,,,,,,,,,,
Kimura | Chandelier,,,,,,,,,,,,,,,,,,,,,,,,,,https://img.alicdn.com/bao/uploaded/i1/1732754654/O1CN01iiLfgf1kFaO27Gg10_!!1732754654.jpg,,,,,,,,,,,,,,,,,,,,,,,,,,,,,,,,,,,,,,,,,,,,,,,,,,,,,,,,,,,,,,
Maresi | Chandelier,Maresi | Chandelier,"<div id='main_desc'>Transform your living space into a haven of elegance with this dazzling centerpiece that captures attention immediately. High-quality crystals work together to scatter beautiful light, infusing the room with a sense of opulence and charm. Make a lasting impression on every guest who enters while enjoying the warm glow of superior lighting quality.<br/><br/></div><strong>Specifications</strong><ul data-mce-fragment='1'>
<li data-mce-fragment='1'>Length: 100cm</li>
<li data-mce-fragment='1'>Width: 45cm</li>
<li data-mce-fragment='1'>Height: 58cm</li>
<li data-mce-fragment='1'>Shape: Linear</li>
<li data-mce-fragment='1'>Material: Crystal, Metal</li>
<li data-mce-fragment='1'>Light Source: LED</li>
<li data-mce-fragment='1'>Wattage: 100W</li>
<li data-mce-fragment='1'>Color Temperature: 3000K</li>
</ul><br/>","• Measurement
   - Dimension: 100x45x58cm

• Material & design
   - Material: Imported K9 Crystal
   - Shape: Single

• Product info
   - Model: DD259786-1000
   - Style: French Light Luxury

• Light source
   - Type: LED
   - Wattage: 100W

VariantSKUID: 5920719578068",Huanglilai Flagship Store,Furniture,Chandelier,"CU0267-B1, Scrape",,Single,,,,,,CU0267-157,,,,,,,,,,,https://img.alicdn.com/bao/uploaded/i2/1732754654/O1CN01YBRavK1kFaKbIFP8Y_!!1732754654.jpg,1,,,,,,,,,,,https://img.alicdn.com/bao/uploaded/i2/1732754654/O1CN01YBRavK1kFaKbIFP8Y_!!1732754654.jpg,,,CNY 7296.00,,,,,,,draft,https:shop105418115.taobao.com/,https://detail.tmall.com/item.htm?id=899015214863,68.8,,"lighting_fixtures, chandeliers",0,,,3000K,,0,58 Centimeter,,100 Centimeter,LED,"Crystal, Metal",https://detail.tmall.com/item.htm?id=899015214863,Living Room,Linear,Glamm,,,100W,,45 Centimeter,5920719578068,,,,Huang Lila,,,HL8003-10 10×MAX10W,,,French Light Luxury,,,,
Maresi | Chandelier,,,,,,,,,,,,,,,,,,,,,,,,,,https://img.alicdn.com/bao/uploaded/i2/1732754654/O1CN01YBRavK1kFaKbIFP8Y_!!1732754654.jpg,5,,,,,,,,,,,,,,,,,,,,,,,,,,,,,,,,,,,,,,,,,,,,,,,,,,,,,,,,,,,,,
Maresi | Chandelier,,,,,,,,,,,,,,,,,,,,,,,,,,https://img.alicdn.com/bao/uploaded/i2/1732754654/O1CN015Pvhk31kFaKbUFxAd_!!1732754654.jpg,,,,,,,,,,,,,,,,,,,,,,,,,,,,,,,,,,,,,,,,,,,,,,,,,,,,,,,,,,,,,,
Marquis | Chandelier,Marquis | Chandelier,"<div id='main_desc'>Transform your interior into a sanctuary of elegance with this exquisite lighting fixture that bathes your surroundings in a warm, inviting radiance. The sophisticated blend of metallic tones and sparkling crystals creates a captivating focal point that instantly elevates the perceived value and mood of your room.<br/><br/></div><strong>Specifications</strong><ul data-mce-fragment='1'>
<li data-mce-fragment='1'>Length: 105cm</li>
<li data-mce-fragment='1'>Width: 45cm</li>
<li data-mce-fragment='1'>Height: 23cm</li>
<li data-mce-fragment='1'>Shape: Linear</li>
<li data-mce-fragment='1'>Material: Metal, Crystal</li>
<li data-mce-fragment='1'>Wattage: 10W</li>
</ul><br/>","• Measurement
   - Dimension: 105x45x23cm

• Material & design
   - Material: Hardware + K9 Crystal

• Product info
   - Model: DD249880-1050 Long

• Light source
   - Bulb type: G9*8 (Single color warm light)
   - Bulb quantity: 8
   - Color temperature: Warm light

VariantSKUID: 6047300637279",Huanglilai Flagship Store,Furniture,Chandelier,"CU0267-B1, Scrape",,Single,,,,,,CU0267-99,,,,,,,,,,,https://img.alicdn.com/bao/uploaded/i3/1732754654/O1CN01HVbaJr1kFaMhgRgIS_!!1732754654.jpg,1,,,,,,,,,,,https://img.alicdn.com/bao/uploaded/i3/1732754654/O1CN01HVbaJr1kFaMhgRgIS_!!1732754654.jpg,,,CNY 6147.00,,,,,,,draft,https:shop105418115.taobao.com/,https://detail.tmall.com/item.htm?id=854386840797,56.3,,"lighting_fixtures, chandeliers",1,,,,,0,23 Centimeter,,105 Centimeter,,"Metal, Crystal",https://detail.tmall.com/item.htm?id=854386840797,Foyer,Linear,Glamm,,,10W,,45 Centimeter,6047300637279,,,Living Room Dining Room Bedroom,Huang Lila,,,HL6323-12 12×MAX10W,,,Modern Light Luxury,,,,
Marquis | Chandelier,,,,,,,,,,,,,,,,,,,,,,,,,,https://img.alicdn.com/bao/uploaded/i3/1732754654/O1CN01HVbaJr1kFaMhgRgIS_!!1732754654.jpg,3,,,,,,,,,,,,,,,,,,,,,,,,,,,,,,,,,,,,,,,,,,,,,,,,,,,,,,,,,,,,,
Marquis | Chandelier,,,,,,,,,,,,,,,,,,,,,,,,,,https://img.alicdn.com/bao/uploaded/i2/1732754654/O1CN01e1Sj59JQVPJ1WPjS_!!4611686018427387102-0-item_pic.jpg,5,,,,,,,,,,,,,,,,,,,,,,,,,,,,,,,,,,,,,,,,,,,,,,,,,,,,,,,,,,,,,
Marquis | Chandelier,,,,,,,,,,,,,,,,,,,,,,,,,,"https://img.alicdn.com/bao/uploaded/i1/1732754654/O1CN017g2AK31kFaIibCeEc~crop,100,0,600,800~_!!1732754654.jpg",6,,,,,,,,,,,,,,,,,,,,,,,,,,,,,,,,,,,,,,,,,,,,,,,,,,,,,,,,,,,,,
Marquis | Chandelier,,,,,,,,,,,,,,,,,,,,,,,,,,"https://img.alicdn.com/bao/uploaded/i4/1732754654/O1CN01SAP6t51kFaIeInGO2~crop,100,0,600,800~_!!1732754654.jpg",7,,,,,,,,,,,,,,,,,,,,,,,,,,,,,,,,,,,,,,,,,,,,,,,,,,,,,,,,,,,,,
Marquis | Chandelier,,,,,,,,,,,,,,,,,,,,,,,,,,"https://img.alicdn.com/bao/uploaded/i1/1732754654/O1CN01sHwheT1kFaIjhzhu5~crop,100,0,600,800~_!!1732754654.jpg",,,,,,,,,,,,,,,,,,,,,,,,,,,,,,,,,,,,,,,,,,,,,,,,,,,,,,,,,,,,,,
